"","dates","team1","team2","pointspread","score1","score2","location"
"1","2017/09/10","ARIZONA","Detroit",-2,23,35,"V"
"2","2017/09/17","ARIZONA","Indianapolis",-7,16,13,"V"
"3","2017/09/25","ARIZONA","DALLAS",3,17,28,"H"
"4","2017/10/01","ARIZONA","SAN FRANCISCO",-6.5,18,15,"H"
"5","2017/10/08","ARIZONA","Philadelphia",6.5,7,34,"V"
"6","2017/10/15","ARIZONA","TAMPA BAY",2.5,38,33,"H"
"7","2017/10/22","ARIZONA","LA Rams",3,0,33,"N"
"8","2017/10/29","ARIZONA","  BYE WEEK",NA,NA,NA,NA
"9","2017/11/05","ARIZONA","San Francisco",-2.5,20,10,"V"
"10","2017/11/09","ARIZONA","SEATTLE",6,16,22,"H"
"11","2017/11/19","ARIZONA","Houston",2,21,31,"V"
"12","2017/11/26","ARIZONA","JACKSONVILLE",5.5,27,24,"H"
"13","2017/12/03","ARIZONA","LA RAMS",7,16,32,"H"
"14","2017/12/10","ARIZONA","TENNESSEE",2.5,12,7,"H"
"15","2017/12/17","ARIZONA","Washington",4.5,15,20,"V"
"16","2017/12/24","ARIZONA","NEW YORK GIANTS",-3.5,23,0,"H"
"17","2017/12/31","ARIZONA","Seattle",8.5,26,24,"V"
"18","2017/09/10","ATLANTA","Chicago",-6.5,23,17,"V"
"19","2017/09/17","ATLANTA","GREEN BAY",-3,34,23,"H"
"20","2017/09/24","ATLANTA","Detroit",-3,30,26,"V"
"21","2017/10/01","ATLANTA","BUFFALO",-8.5,17,23,"H"
"22","2017/10/08","ATLANTA","  BYE WEEK",NA,NA,NA,NA
"23","2017/10/15","ATLANTA","MIAMI",-13.5,17,20,"H"
"24","2017/10/22","ATLANTA","New England",3,7,23,"V"
"25","2017/10/29","ATLANTA","New York Jets",-6.5,25,20,"V"
"26","2017/11/05","ATLANTA","Carolina",-2.5,17,20,"V"
"27","2017/11/12","ATLANTA","DALLAS",-3.5,27,7,"H"
"28","2017/11/20","ATLANTA","Seattle",1.5,34,31,"V"
"29","2017/11/26","ATLANTA","TAMPA BAY",-10,34,20,"H"
"30","2017/12/03","ATLANTA","MINNESOTA",-2.5,9,14,"H"
"31","2017/12/07","ATLANTA","NEW ORLEANS",-2.5,20,17,"H"
"32","2017/12/18","ATLANTA","Tampa Bay",-6.5,24,21,"V"
"33","2017/12/24","ATLANTA","New Orleans",5.5,13,23,"V"
"34","2017/12/31","ATLANTA","CAROLINA",-4.5,22,10,"H"
"35","2018/01/06","ATLANTA","LA Rams",6,26,13,"V"
"36","2018/01/13","ATLANTA","Philadelphia",-2.5,10,15,"V"
"37","2017/09/10","BALTIMORE","Cincinnati",3,20,0,"V"
"38","2017/09/17","BALTIMORE","CLEVELAND",-7.5,24,10,"H"
"39","2017/09/24","BALTIMORE","Jacksonville",-3,7,44,"N"
"40","2017/10/01","BALTIMORE","PITTSBURGH",3.5,9,26,"H"
"41","2017/10/08","BALTIMORE","Oakland",3,30,17,"V"
"42","2017/10/15","BALTIMORE","CHICAGO",-6,24,27,"H"
"43","2017/10/22","BALTIMORE","Minnesota",5,16,24,"V"
"44","2017/10/26","BALTIMORE","MIAMI",-3,40,0,"H"
"45","2017/11/05","BALTIMORE","Tennessee",3.5,20,23,"V"
"46","2017/11/12","BALTIMORE","  BYE WEEK",NA,NA,NA,NA
"47","2017/11/19","BALTIMORE","Green Bay",-2.5,23,0,"V"
"48","2017/11/27","BALTIMORE","HOUSTON",-7.5,23,16,"H"
"49","2017/12/03","BALTIMORE","DETROIT",-2.5,44,20,"H"
"50","2017/12/10","BALTIMORE","Pittsburgh",5.5,38,39,"V"
"51","2017/12/17","BALTIMORE","Cleveland",-7,27,10,"V"
"52","2017/12/23","BALTIMORE","INDIANAPOLIS",-13.5,23,16,"H"
"53","2017/12/31","BALTIMORE","CINCINNATI",-8.5,27,31,"H"
"54","2017/09/10","BUFFALO","NEW YORK JETS",-8,21,12,"H"
"55","2017/09/17","BUFFALO","Carolina",6.5,3,9,"V"
"56","2017/09/24","BUFFALO","DENVER",3.5,26,16,"H"
"57","2017/10/01","BUFFALO","Atlanta",8.5,23,17,"V"
"58","2017/10/08","BUFFALO","Cincinnati",3,16,20,"V"
"59","2017/10/15","BUFFALO","  BYE WEEK",NA,NA,NA,NA
"60","2017/10/22","BUFFALO","TAMPA BAY",-3,30,27,"H"
"61","2017/10/29","BUFFALO","OAKLAND",-2,34,14,"H"
"62","2017/11/02","BUFFALO","New York Jets",-3,21,34,"V"
"63","2017/11/12","BUFFALO","NEW ORLEANS",2.5,10,47,"H"
"64","2017/11/19","BUFFALO","LA Chargers",6.5,24,54,"V"
"65","2017/11/26","BUFFALO","Kansas City",9,16,10,"V"
"66","2017/12/03","BUFFALO","NEW ENGLAND",8,3,23,"H"
"67","2017/12/10","BUFFALO","INDIANAPOLIS",-3.5,13,7,"H"
"68","2017/12/17","BUFFALO","MIAMI",-3.5,24,16,"H"
"69","2017/12/24","BUFFALO","New England",11.5,16,37,"V"
"70","2017/12/31","BUFFALO","Miami",-2.5,22,16,"V"
"71","2018/01/07","BUFFALO","Jacksonville",8.5,3,10,"V"
"72","2017/09/10","CAROLINA","San Francisco",-5,23,3,"V"
"73","2017/09/17","CAROLINA","BUFFALO",-6.5,9,3,"H"
"74","2017/09/24","CAROLINA","NEW ORLEANS",-5.5,13,34,"H"
"75","2017/10/01","CAROLINA","New England",9.5,33,30,"V"
"76","2017/10/08","CAROLINA","Detroit",2.5,27,24,"V"
"77","2017/10/12","CAROLINA","PHILADELPHIA",-3,23,28,"H"
"78","2017/10/22","CAROLINA","Chicago",-3,3,17,"V"
"79","2017/10/29","CAROLINA","Tampa Bay",1.5,17,3,"V"
"80","2017/11/05","CAROLINA","ATLANTA",2.5,20,17,"H"
"81","2017/11/13","CAROLINA","MIAMI",-9,45,21,"H"
"82","2017/11/19","CAROLINA","  BYE WEEK",NA,NA,NA,NA
"83","2017/11/26","CAROLINA","New York Jets",-5.5,35,27,"V"
"84","2017/12/03","CAROLINA","New Orleans",5.5,21,31,"V"
"85","2017/12/10","CAROLINA","MINNESOTA",2.5,31,24,"H"
"86","2017/12/17","CAROLINA","GREEN BAY",-3,31,24,"H"
"87","2017/12/24","CAROLINA","TAMPA BAY",-10,22,19,"H"
"88","2017/12/31","CAROLINA","Atlanta",4.5,10,22,"V"
"89","2018/01/07","CAROLINA","New Orleans",6.5,26,31,"V"
"90","2017/09/10","CHICAGO","ATLANTA",6.5,17,23,"H"
"91","2017/09/17","CHICAGO","Tampa Bay",7,7,29,"V"
"92","2017/09/24","CHICAGO","PITTSBURGH",7.5,23,17,"H"
"93","2017/09/28","CHICAGO","Green Bay",7.5,14,35,"V"
"94","2017/10/09","CHICAGO","MINNESOTA",3.5,17,20,"H"
"95","2017/10/15","CHICAGO","Baltimore",6,27,24,"V"
"96","2017/10/22","CHICAGO","CAROLINA",3,17,3,"H"
"97","2017/10/29","CHICAGO","New Orleans",8.5,12,20,"V"
"98","2017/11/05","CHICAGO","  BYE WEEK",NA,NA,NA,NA
"99","2017/11/12","CHICAGO","GREEN BAY",-5,16,23,"H"
"100","2017/11/19","CHICAGO","DETROIT",3,24,27,"H"
"101","2017/11/26","CHICAGO","Philadelphia",13.5,3,31,"V"
"102","2017/12/03","CHICAGO","SAN FRANCISCO",-3,14,15,"H"
"103","2017/12/10","CHICAGO","Cincinnati",6,33,7,"V"
"104","2017/12/16","CHICAGO","Detroit",5,10,20,"V"
"105","2017/12/24","CHICAGO","CLEVELAND",-6,20,3,"H"
"106","2017/12/31","CHICAGO","Minnesota",12.5,10,23,"V"
"107","2017/09/10","CINCINNATI","BALTIMORE",-3,0,20,"H"
"108","2017/09/14","CINCINNATI","HOUSTON",-5.5,9,13,"H"
"109","2017/09/24","CINCINNATI","Green Bay",7.5,24,27,"V"
"110","2017/10/01","CINCINNATI","Cleveland",-3,31,7,"V"
"111","2017/10/08","CINCINNATI","BUFFALO",-3,20,16,"H"
"112","2017/10/15","CINCINNATI","  BYE WEEK",NA,NA,NA,NA
"113","2017/10/22","CINCINNATI","Pittsburgh",4,14,29,"V"
"114","2017/10/29","CINCINNATI","INDIANAPOLIS",-10.5,24,23,"H"
"115","2017/11/05","CINCINNATI","Jacksonville",6,7,23,"V"
"116","2017/11/12","CINCINNATI","Tennessee",4.5,20,24,"V"
"117","2017/11/19","CINCINNATI","Denver",2.5,20,17,"V"
"118","2017/11/26","CINCINNATI","CLEVELAND",-7.5,30,16,"H"
"119","2017/12/04","CINCINNATI","PITTSBURGH",4.5,20,23,"H"
"120","2017/12/10","CINCINNATI","CHICAGO",-6,7,33,"H"
"121","2017/12/17","CINCINNATI","Minnesota",12.5,7,34,"V"
"122","2017/12/24","CINCINNATI","DETROIT",3.5,26,17,"H"
"123","2017/12/31","CINCINNATI","Baltimore",8.5,31,27,"V"
"124","2017/09/10","CLEVELAND","PITTSBURGH",9.5,18,21,"H"
"125","2017/09/17","CLEVELAND","Baltimore",7.5,10,24,"V"
"126","2017/09/24","CLEVELAND","Indianapolis",-1,28,31,"V"
"127","2017/10/01","CLEVELAND","CINCINNATI",3,7,31,"H"
"128","2017/10/08","CLEVELAND","NEW YORK JETS",1,14,17,"H"
"129","2017/10/15","CLEVELAND","Houston",7.5,17,33,"V"
"130","2017/10/22","CLEVELAND","TENNESSEE",5.5,9,12,"H"
"131","2017/10/29","CLEVELAND","MINNESOTA",10.5,16,33,"N"
"132","2017/11/05","CLEVELAND","  BYE WEEK",NA,NA,NA,NA
"133","2017/11/12","CLEVELAND","Detroit",10.5,24,38,"V"
"134","2017/11/19","CLEVELAND","JACKSONVILLE",7.5,7,19,"H"
"135","2017/11/26","CLEVELAND","Cincinnati",7.5,16,30,"V"
"136","2017/12/03","CLEVELAND","LA Chargers",13.5,10,19,"V"
"137","2017/12/10","CLEVELAND","GREEN BAY",3,21,27,"H"
"138","2017/12/17","CLEVELAND","BALTIMORE",7,10,27,"H"
"139","2017/12/24","CLEVELAND","Chicago",6,3,20,"V"
"140","2017/12/31","CLEVELAND","Pittsburgh",5.5,24,28,"V"
"141","2017/09/10","DALLAS","NEW YORK GIANTS",-4,19,3,"H"
"142","2017/09/17","DALLAS","Denver",-2.5,17,42,"V"
"143","2017/09/25","DALLAS","Arizona",-3,28,17,"V"
"144","2017/10/01","DALLAS","LA RAMS",-5.5,30,35,"H"
"145","2017/10/08","DALLAS","GREEN BAY",-2.5,31,35,"H"
"146","2017/10/15","DALLAS","  BYE WEEK",NA,NA,NA,NA
"147","2017/10/22","DALLAS","San Francisco",-6.5,40,10,"V"
"148","2017/10/29","DALLAS","Washington",-2.5,33,19,"V"
"149","2017/11/05","DALLAS","KANSAS CITY",-2.5,28,17,"H"
"150","2017/11/12","DALLAS","Atlanta",3.5,7,27,"V"
"151","2017/11/19","DALLAS","PHILADELPHIA",6,9,37,"H"
"152","2017/11/23","DALLAS","LOS ANGELES CHARGERS",1.5,6,28,"H"
"153","2017/11/30","DALLAS","WASHINGTON",1.5,38,14,"H"
"154","2017/12/10","DALLAS","New York Giants",-3.5,30,10,"V"
"155","2017/12/17","DALLAS","Oakland",-3,20,17,"V"
"156","2017/12/24","DALLAS","SEATTLE",-4.5,12,21,"H"
"157","2017/12/31","DALLAS","Philadelphia",-3.5,6,0,"V"
"158","2017/09/11","DENVER","LOS ANGELES CHARGERS",-3,24,21,"H"
"159","2017/09/17","DENVER","DALLAS",2.5,42,17,"H"
"160","2017/09/24","DENVER","Buffalo",-3.5,16,26,"V"
"161","2017/10/01","DENVER","OAKLAND",-3.5,16,10,"H"
"162","2017/10/08","DENVER","  BYE WEEK",NA,NA,NA,NA
"163","2017/10/15","DENVER","NEW YORK GIANTS",-12.5,10,23,"H"
"164","2017/10/22","DENVER","LA Chargers",-1,0,21,"V"
"165","2017/10/30","DENVER","Kansas City",7.5,19,29,"V"
"166","2017/11/05","DENVER","Philadelphia",7.5,23,51,"V"
"167","2017/11/12","DENVER","NEW ENGLAND",7.5,16,41,"H"
"168","2017/11/19","DENVER","CINCINNATI",-2.5,17,20,"H"
"169","2017/11/26","DENVER","Oakland",4,14,21,"V"
"170","2017/12/03","DENVER","Miami",-1.5,9,35,"V"
"171","2017/12/10","DENVER","NEW YORK JETS",1,23,0,"H"
"172","2017/12/14","DENVER","Indianapolis",-2.5,25,13,"V"
"173","2017/12/24","DENVER","Washington",3.5,11,27,"V"
"174","2017/12/31","DENVER","KANSAS CITY",-3,24,27,"H"
"175","2017/09/10","DETROIT","ARIZONA",2,35,23,"H"
"176","2017/09/18","DETROIT","New York Giants",3,24,10,"V"
"177","2017/09/24","DETROIT","ATLANTA",3,26,30,"H"
"178","2017/10/01","DETROIT","Minnesota",2.5,14,7,"V"
"179","2017/10/08","DETROIT","CAROLINA",-2.5,24,27,"H"
"180","2017/10/15","DETROIT","New Orleans",5,38,52,"V"
"181","2017/10/22","DETROIT","  BYE WEEK",NA,NA,NA,NA
"182","2017/10/29","DETROIT","PITTSBURGH",3,15,20,"H"
"183","2017/11/06","DETROIT","Green Bay",-2.5,30,17,"V"
"184","2017/11/12","DETROIT","CLEVELAND",-10.5,38,24,"H"
"185","2017/11/19","DETROIT","Chicago",-3,27,24,"V"
"186","2017/11/23","DETROIT","MINNESOTA",2.5,23,30,"H"
"187","2017/12/03","DETROIT","Baltimore",2.5,20,44,"V"
"188","2017/12/10","DETROIT","Tampa Bay",NA,24,21,"V"
"189","2017/12/16","DETROIT","CHICAGO",-5,20,10,"H"
"190","2017/12/24","DETROIT","Cincinnati",-3.5,17,26,"V"
"191","2017/12/31","DETROIT","GREEN BAY",-7,35,11,"H"
"192","2017/09/10","GREEN BAY","SEATTLE",-3,17,9,"H"
"193","2017/09/17","GREEN BAY","Atlanta",3,23,34,"V"
"194","2017/09/24","GREEN BAY","CINCINNATI",-7.5,27,24,"H"
"195","2017/09/28","GREEN BAY","CHICAGO",-7.5,35,14,"H"
"196","2017/10/08","GREEN BAY","Dallas",2.5,35,31,"V"
"197","2017/10/15","GREEN BAY","Minnesota",-3,10,23,"V"
"198","2017/10/22","GREEN BAY","NEW ORLEANS",3.5,17,26,"H"
"199","2017/10/29","GREEN BAY","  BYE WEEK",NA,NA,NA,NA
"200","2017/11/06","GREEN BAY","DETROIT",2.5,17,30,"H"
"201","2017/11/12","GREEN BAY","Chicago",5,23,16,"V"
"202","2017/11/19","GREEN BAY","BALTIMORE",2.5,0,23,"H"
"203","2017/11/26","GREEN BAY","Pittsburgh",14,28,31,"V"
"204","2017/12/03","GREEN BAY","TAMPA BAY",-2.5,26,20,"H"
"205","2017/12/10","GREEN BAY","Cleveland",-3,27,21,"V"
"206","2017/12/17","GREEN BAY","Carolina",3,24,31,"V"
"207","2017/12/23","GREEN BAY","MINNESOTA",8.5,0,16,"H"
"208","2017/12/31","GREEN BAY","Detroit",7,11,35,"V"
"209","2017/09/10","HOUSTON","JACKSONVILLE",-5.5,7,29,"H"
"210","2017/09/14","HOUSTON","Cincinnati",5.5,13,9,"V"
"211","2017/09/24","HOUSTON","New England",13.5,33,36,"V"
"212","2017/10/01","HOUSTON","TENNESSEE",2.5,57,14,"H"
"213","2017/10/08","HOUSTON","KANSAS CITY",1.5,34,42,"H"
"214","2017/10/15","HOUSTON","CLEVELAND",-7.5,33,17,"H"
"215","2017/10/22","HOUSTON","  BYE WEEK",NA,NA,NA,NA
"216","2017/10/29","HOUSTON","Seattle",6.5,38,41,"V"
"217","2017/11/05","HOUSTON","INDIANAPOLIS",-6,14,20,"H"
"218","2017/11/12","HOUSTON","LA Rams",12,7,33,"V"
"219","2017/11/19","HOUSTON","ARIZONA",-2,31,21,"H"
"220","2017/11/27","HOUSTON","Baltimore",7.5,16,23,"V"
"221","2017/12/03","HOUSTON","Tennessee",7,13,24,"V"
"222","2017/12/10","HOUSTON","SAN FRANCISCO",-2,16,26,"H"
"223","2017/12/17","HOUSTON","Jacksonville",11,7,45,"V"
"224","2017/12/25","HOUSTON","PITTSBURGH",9.5,6,34,"H"
"225","2017/12/31","HOUSTON","Indianapolis",5.5,13,22,"V"
"226","2017/09/10","INDIANAPOLIS","LA Rams",3.5,9,46,"V"
"227","2017/09/17","INDIANAPOLIS","ARIZONA",7,13,16,"H"
"228","2017/09/24","INDIANAPOLIS","CLEVELAND",1,31,28,"H"
"229","2017/10/01","INDIANAPOLIS","Seattle",12.5,18,46,"V"
"230","2017/10/08","INDIANAPOLIS","SAN FRANCISCO",-1.5,26,23,"H"
"231","2017/10/16","INDIANAPOLIS","Tennessee",7.5,22,36,"V"
"232","2017/10/22","INDIANAPOLIS","JACKSONVILLE",3,0,27,"H"
"233","2017/10/29","INDIANAPOLIS","Cincinnati",10.5,23,24,"V"
"234","2017/11/05","INDIANAPOLIS","Houston",6,20,14,"V"
"235","2017/11/12","INDIANAPOLIS","PITTSBURGH",10.5,17,20,"H"
"236","2017/11/19","INDIANAPOLIS","  BYE WEEK",NA,NA,NA,NA
"237","2017/11/26","INDIANAPOLIS","TENNESSEE",3.5,16,20,"H"
"238","2017/12/03","INDIANAPOLIS","Jacksonville",9.5,10,30,"V"
"239","2017/12/10","INDIANAPOLIS","Buffalo",3.5,7,13,"V"
"240","2017/12/14","INDIANAPOLIS","DENVER",2.5,13,25,"H"
"241","2017/12/23","INDIANAPOLIS","Baltimore",13.5,16,23,"V"
"242","2017/12/31","INDIANAPOLIS","HOUSTON",-5.5,22,13,"H"
"243","2017/09/10","JACKSONVILLE","Houston",5.5,29,7,"V"
"244","2017/09/17","JACKSONVILLE","TENNESSEE",1.5,16,37,"H"
"245","2017/09/24","JACKSONVILLE","Baltimore",3,44,7,"N"
"246","2017/10/01","JACKSONVILLE","New York Jets",-4,20,23,"V"
"247","2017/10/08","JACKSONVILLE","Pittsburgh",7.5,30,9,"V"
"248","2017/10/15","JACKSONVILLE","LA RAMS",-2,17,27,"H"
"249","2017/10/22","JACKSONVILLE","Indianapolis",-3,27,0,"V"
"250","2017/10/29","JACKSONVILLE","  BYE WEEK",NA,NA,NA,NA
"251","2017/11/05","JACKSONVILLE","CINCINNATI",-6,23,7,"H"
"252","2017/11/12","JACKSONVILLE","LOS ANGELES CHARGERS",-5,20,17,"H"
"253","2017/11/19","JACKSONVILLE","Cleveland",-7.5,19,7,"V"
"254","2017/11/26","JACKSONVILLE","Arizona",-5.5,24,27,"V"
"255","2017/12/03","JACKSONVILLE","INDIANAPOLIS",-9.5,30,10,"H"
"256","2017/12/10","JACKSONVILLE","SEATTLE",-2.5,30,24,"H"
"257","2017/12/17","JACKSONVILLE","HOUSTON",-11,45,7,"H"
"258","2017/12/24","JACKSONVILLE","San Francisco",-4,33,44,"V"
"259","2017/12/31","JACKSONVILLE","Tennessee",2.5,10,15,"V"
"260","2018/01/07","JACKSONVILLE","BUFFALO",-8.5,10,3,"H"
"261","2018/01/14","JACKSONVILLE","Pittsburgh",7.5,45,42,"V"
"262","2018/01/21","JACKSONVILLE","New England",9,20,24,"V"
"263","2017/09/07","KANSAS CITY","New England",9,42,27,"V"
"264","2017/09/17","KANSAS CITY","PHILADELPHIA",-4.5,27,20,"H"
"265","2017/09/24","KANSAS CITY","LA Chargers",-3,24,10,"V"
"266","2017/10/02","KANSAS CITY","WASHINGTON",-7,29,20,"H"
"267","2017/10/08","KANSAS CITY","Houston",-1.5,42,34,"V"
"268","2017/10/15","KANSAS CITY","PITTSBURGH",-3.5,13,19,"H"
"269","2017/10/19","KANSAS CITY","Oakland",-3,30,31,"V"
"270","2017/10/30","KANSAS CITY","DENVER",-7.5,29,19,"H"
"271","2017/11/05","KANSAS CITY","Dallas",2.5,17,28,"V"
"272","2017/11/12","KANSAS CITY","  BYE WEEK",NA,NA,NA,NA
"273","2017/11/19","KANSAS CITY","New York Giants",-10.5,9,12,"V"
"274","2017/11/26","KANSAS CITY","BUFFALO",-9,10,16,"H"
"275","2017/12/03","KANSAS CITY","New York Jets",-3.5,31,38,"V"
"276","2017/12/10","KANSAS CITY","OAKLAND",-4,26,15,"H"
"277","2017/12/16","KANSAS CITY","LOS ANGELES CHARGERS",1,30,13,"H"
"278","2017/12/24","KANSAS CITY","MIAMI",-10.5,29,13,"H"
"279","2017/12/31","KANSAS CITY","Denver",3,27,24,"V"
"280","2018/01/06","KANSAS CITY","TENNESSEE",-8.5,21,22,"H"
"281","2017/09/11","LOS ANGELES CHARGERS","Denver",3,21,24,"V"
"282","2017/09/17","LOS ANGELES CHARGERS","MIAMI",-3.5,17,19,"H"
"283","2017/09/24","LOS ANGELES CHARGERS","KANSAS CITY",3,10,24,"H"
"284","2017/10/01","LOS ANGELES CHARGERS","PHILADELPHIA",-2,24,26,"H"
"285","2017/10/08","LOS ANGELES CHARGERS","New York Giants",3,27,22,"V"
"286","2017/10/15","LOS ANGELES CHARGERS","Oakland",3,17,16,"V"
"287","2017/10/22","LOS ANGELES CHARGERS","DENVER",1,21,0,"H"
"288","2017/10/29","LOS ANGELES CHARGERS","New England",7,13,21,"V"
"289","2017/11/05","LOS ANGELES CHARGERS","  BYE WEEK",NA,NA,NA,NA
"290","2017/11/12","LOS ANGELES CHARGERS","Jacksonville",5,17,20,"V"
"291","2017/11/19","LOS ANGELES CHARGERS","BUFFALO",-6.5,54,24,"H"
"292","2017/11/23","LOS ANGELES CHARGERS","Dallas",-1.5,28,6,"V"
"293","2017/12/03","LOS ANGELES CHARGERS","CLEVELAND",-13.5,19,10,"H"
"294","2017/12/10","LOS ANGELES CHARGERS","WASHINGTON",-6,30,13,"H"
"295","2017/12/16","LOS ANGELES CHARGERS","Kansas City",-1,13,30,"V"
"296","2017/12/24","LOS ANGELES CHARGERS","NEW YORK JETS",-7,14,7,"H"
"297","2017/12/31","LOS ANGELES CHARGERS","OAKLAND",-7,30,10,"H"
"298","2017/09/10","LOS ANGELES RAMS","INDIANAPOLIS",-3.5,46,9,"H"
"299","2017/09/17","LOS ANGELES RAMS","WASHINGTON",-3,20,27,"H"
"300","2017/09/21","LOS ANGELES RAMS","San Francisco",-2.5,41,39,"V"
"301","2017/10/01","LOS ANGELES RAMS","Dallas",5.5,35,30,"V"
"302","2017/10/08","LOS ANGELES RAMS","SEATTLE",-2,10,16,"H"
"303","2017/10/15","LOS ANGELES RAMS","Jacksonville",2,27,17,"V"
"304","2017/10/22","LOS ANGELES RAMS","Arizona",-3,33,0,"N"
"305","2017/10/29","LOS ANGELES RAMS","  BYE WEEK",NA,NA,NA,NA
"306","2017/11/05","LOS ANGELES RAMS","New York Giants",-5.5,51,17,"V"
"307","2017/11/12","LOS ANGELES RAMS","HOUSTON",-12,33,7,"H"
"308","2017/11/19","LOS ANGELES RAMS","Minnesota",2,7,24,"V"
"309","2017/11/26","LOS ANGELES RAMS","NEW ORLEANS",-2.5,26,20,"H"
"310","2017/12/03","LOS ANGELES RAMS","Arizona",-7,32,16,"V"
"311","2017/12/10","LOS ANGELES RAMS","PHILADELPHIA",-1,35,43,"H"
"312","2017/12/17","LOS ANGELES RAMS","Seattle",1,42,7,"V"
"313","2017/12/24","LOS ANGELES RAMS","Tennessee",-6,27,23,"V"
"314","2017/12/31","LOS ANGELES RAMS","SAN FRANCISCO",5,13,34,"H"
"315","2018/01/06","LOS ANGELES RAMS","ATLANTA",-6,13,26,"H"
"316","2017/09/10","MIAMI","TAMPA BAY",NA,NA,NA,"H"
"317","2017/09/17","MIAMI","LA Chargers",3.5,19,17,"V"
"318","2017/09/24","MIAMI","New York Jets",-6,6,20,"V"
"319","2017/10/01","MIAMI","New Orleans",3.5,0,20,"N"
"320","2017/10/08","MIAMI","TENNESSEE",-1,16,10,"H"
"321","2017/10/15","MIAMI","Atlanta",13.5,20,17,"V"
"322","2017/10/22","MIAMI","NEW YORK JETS",-3,31,28,"H"
"323","2017/10/26","MIAMI","Baltimore",3,0,40,"V"
"324","2017/11/05","MIAMI","OAKLAND",3,24,27,"H"
"325","2017/11/13","MIAMI","Carolina",9,21,45,"V"
"326","2017/11/19","MIAMI","TAMPA BAY",1,20,30,"H"
"327","2017/11/26","MIAMI","New England",16.5,17,35,"V"
"328","2017/12/03","MIAMI","DENVER",1.5,35,9,"H"
"329","2017/12/11","MIAMI","NEW ENGLAND",11,27,20,"H"
"330","2017/12/17","MIAMI","Buffalo",3.5,16,24,"V"
"331","2017/12/24","MIAMI","Kansas City",10.5,13,29,"V"
"332","2017/12/31","MIAMI","BUFFALO",2.5,16,22,"H"
"333","2017/09/11","MINNESOTA","NEW ORLEANS",-3,29,19,"H"
"334","2017/09/17","MINNESOTA","Pittsburgh",8.5,9,26,"V"
"335","2017/09/24","MINNESOTA","TAMPA BAY",2,34,17,"H"
"336","2017/10/01","MINNESOTA","DETROIT",-2.5,7,14,"H"
"337","2017/10/09","MINNESOTA","Chicago",-3.5,20,17,"V"
"338","2017/10/15","MINNESOTA","GREEN BAY",3,23,10,"H"
"339","2017/10/22","MINNESOTA","BALTIMORE",-5,24,16,"H"
"340","2017/10/29","MINNESOTA","Cleveland",-10.5,33,16,"N"
"341","2017/11/05","MINNESOTA","  BYE WEEK",NA,NA,NA,NA
"342","2017/11/12","MINNESOTA","Washington",-1.5,38,30,"V"
"343","2017/11/19","MINNESOTA","LA RAMS",-2,24,7,"H"
"344","2017/11/23","MINNESOTA","Detroit",-2.5,30,23,"V"
"345","2017/12/03","MINNESOTA","Atlanta",2.5,14,9,"V"
"346","2017/12/10","MINNESOTA","Carolina",-2.5,24,31,"V"
"347","2017/12/17","MINNESOTA","CINCINNATI",-12.5,34,7,"H"
"348","2017/12/23","MINNESOTA","Green Bay",-8.5,16,0,"V"
"349","2017/12/31","MINNESOTA","CHICAGO",-12.5,23,10,"H"
"350","2018/01/14","MINNESOTA","NEW ORLEANS",-5.5,29,24,"H"
"351","2018/01/21","MINNESOTA","Philadelphia",-3,7,38,"V"
"352","2017/09/07","NEW ENGLAND","KANSAS CITY",-9,27,42,"H"
"353","2017/09/17","NEW ENGLAND","New Orleans",-6.5,36,20,"V"
"354","2017/09/24","NEW ENGLAND","HOUSTON",-13.5,36,33,"H"
"355","2017/10/01","NEW ENGLAND","CAROLINA",-9.5,30,33,"H"
"356","2017/10/05","NEW ENGLAND","Tampa Bay",-4.5,19,14,"V"
"357","2017/10/15","NEW ENGLAND","New York Jets",-9.5,24,17,"V"
"358","2017/10/22","NEW ENGLAND","ATLANTA",-3,23,7,"H"
"359","2017/10/29","NEW ENGLAND","LOS ANGELES CHARGERS",-7,21,13,"H"
"360","2017/11/05","NEW ENGLAND","  BYE WEEK",NA,NA,NA,NA
"361","2017/11/12","NEW ENGLAND","Denver",-7.5,41,16,"V"
"362","2017/11/19","NEW ENGLAND","Oakland",-7,33,8,"N"
"363","2017/11/26","NEW ENGLAND","MIAMI",-16.5,35,17,"H"
"364","2017/12/03","NEW ENGLAND","Buffalo",-8,23,3,"V"
"365","2017/12/11","NEW ENGLAND","Miami",-11,20,27,"V"
"366","2017/12/17","NEW ENGLAND","Pittsburgh",-2.5,27,24,"V"
"367","2017/12/24","NEW ENGLAND","BUFFALO",-11.5,37,16,"H"
"368","2017/12/31","NEW ENGLAND","NEW YORK JETS",-15.5,26,6,"H"
"369","2018/01/13","NEW ENGLAND","TENNESSEE",-13.5,35,14,"H"
"370","2018/01/21","NEW ENGLAND","JACKSONVILLE",-9,24,20,"H"
"371","2018/02/04","NEW ENGLAND","Philadelphia",-4.5,33,41,"N"
"372","2017/09/11","NEW ORLEANS","Minnesota",3,19,29,"V"
"373","2017/09/17","NEW ORLEANS","NEW ENGLAND",6.5,20,36,"H"
"374","2017/09/24","NEW ORLEANS","Carolina",5.5,34,13,"V"
"375","2017/10/01","NEW ORLEANS","Miami",-3.5,20,0,"N"
"376","2017/10/08","NEW ORLEANS","  BYE WEEK",NA,NA,NA,NA
"377","2017/10/15","NEW ORLEANS","DETROIT",-5,52,38,"H"
"378","2017/10/22","NEW ORLEANS","Green Bay",-3.5,26,17,"V"
"379","2017/10/29","NEW ORLEANS","CHICAGO",-8.5,20,12,"H"
"380","2017/11/05","NEW ORLEANS","TAMPA BAY",-7,30,10,"H"
"381","2017/11/12","NEW ORLEANS","Buffalo",-2.5,47,10,"V"
"382","2017/11/19","NEW ORLEANS","WASHINGTON",-9,34,31,"H"
"383","2017/11/26","NEW ORLEANS","LA Rams",2.5,20,26,"V"
"384","2017/12/03","NEW ORLEANS","CAROLINA",-5.5,31,21,"H"
"385","2017/12/07","NEW ORLEANS","Atlanta",2.5,17,20,"V"
"386","2017/12/17","NEW ORLEANS","NEW YORK JETS",-16,31,19,"H"
"387","2017/12/24","NEW ORLEANS","ATLANTA",-5.5,23,13,"H"
"388","2017/12/31","NEW ORLEANS","Tampa Bay",-6,24,31,"V"
"389","2018/01/07","NEW ORLEANS","CAROLINA",-6.5,31,26,"H"
"390","2018/01/14","NEW ORLEANS","Minnesota",5.5,24,29,"V"
"391","2017/09/10","NEW YORK GIANTS","Dallas",4,3,19,"V"
"392","2017/09/18","NEW YORK GIANTS","DETROIT",-3,10,24,"H"
"393","2017/09/24","NEW YORK GIANTS","Philadelphia",6,24,27,"V"
"394","2017/10/01","NEW YORK GIANTS","Tampa Bay",2.5,23,25,"V"
"395","2017/10/08","NEW YORK GIANTS","LOS ANGELES CHARGERS",-3,22,27,"H"
"396","2017/10/15","NEW YORK GIANTS","Denver",12.5,23,10,"V"
"397","2017/10/22","NEW YORK GIANTS","SEATTLE",4,7,24,"H"
"398","2017/10/29","NEW YORK GIANTS","  BYE WEEK",NA,NA,NA,NA
"399","2017/11/05","NEW YORK GIANTS","LA RAMS",5.5,17,51,"H"
"400","2017/11/12","NEW YORK GIANTS","San Francisco",-3,21,31,"V"
"401","2017/11/19","NEW YORK GIANTS","KANSAS CITY",10.5,12,9,"H"
"402","2017/11/23","NEW YORK GIANTS","Washington",7.5,10,20,"V"
"403","2017/12/03","NEW YORK GIANTS","Oakland",9,17,24,"V"
"404","2017/12/10","NEW YORK GIANTS","DALLAS",3.5,10,30,"H"
"405","2017/12/17","NEW YORK GIANTS","PHILADELPHIA",7.5,29,34,"H"
"406","2017/12/24","NEW YORK GIANTS","Arizona",3.5,0,23,"V"
"407","2017/12/31","NEW YORK GIANTS","WASHINGTON",4.5,18,10,"H"
"408","2017/09/10","NEW YORK JETS","Buffalo",8,12,21,"V"
"409","2017/09/17","NEW YORK JETS","Oakland",14,20,45,"V"
"410","2017/09/24","NEW YORK JETS","MIAMI",6,20,6,"H"
"411","2017/10/01","NEW YORK JETS","JACKSONVILLE",4,23,20,"H"
"412","2017/10/08","NEW YORK JETS","Cleveland",-1,17,14,"V"
"413","2017/10/15","NEW YORK JETS","NEW ENGLAND",9.5,17,24,"H"
"414","2017/10/22","NEW YORK JETS","Miami",3,28,31,"V"
"415","2017/10/29","NEW YORK JETS","ATLANTA",6.5,20,25,"H"
"416","2017/11/02","NEW YORK JETS","BUFFALO",3,34,21,"H"
"417","2017/11/12","NEW YORK JETS","Tampa Bay",1,10,15,"V"
"418","2017/11/19","NEW YORK JETS","  BYE WEEK",NA,NA,NA,NA
"419","2017/11/26","NEW YORK JETS","CAROLINA",5.5,27,35,"H"
"420","2017/12/03","NEW YORK JETS","KANSAS CITY",3.5,38,31,"H"
"421","2017/12/10","NEW YORK JETS","Denver",-1,0,23,"V"
"422","2017/12/17","NEW YORK JETS","New Orleans",16,19,31,"V"
"423","2017/12/24","NEW YORK JETS","LOS ANGELES CHARGERS",7,7,14,"H"
"424","2017/12/31","NEW YORK JETS","New England",15.5,6,26,"V"
"425","2017/09/10","OAKLAND","Tennessee",2.5,26,16,"V"
"426","2017/09/17","OAKLAND","NEW YORK JETS",-14,45,20,"H"
"427","2017/09/24","OAKLAND","Washington",-3.5,10,27,"V"
"428","2017/10/01","OAKLAND","Denver",3.5,10,16,"V"
"429","2017/10/08","OAKLAND","BALTIMORE",-3,17,30,"H"
"430","2017/10/15","OAKLAND","LOS ANGELES CHARGERS",-3,16,17,"H"
"431","2017/10/19","OAKLAND","KANSAS CITY",3,31,30,"H"
"432","2017/10/29","OAKLAND","Buffalo",2,14,34,"V"
"433","2017/11/05","OAKLAND","Miami",-3,27,24,"V"
"434","2017/11/12","OAKLAND","  BYE WEEK",NA,NA,NA,NA
"435","2017/11/19","OAKLAND","New England",7,8,33,"N"
"436","2017/11/26","OAKLAND","DENVER",-4,21,14,"H"
"437","2017/12/03","OAKLAND","NEW YORK GIANTS",-9,24,17,"H"
"438","2017/12/10","OAKLAND","Kansas City",4,15,26,"V"
"439","2017/12/17","OAKLAND","DALLAS",3,17,20,"H"
"440","2017/12/25","OAKLAND","Philadelphia",9.5,10,19,"V"
"441","2017/12/31","OAKLAND","LA Chargers",7,10,30,"V"
"442","2017/09/10","PHILADELPHIA","Washington",-1,30,17,"V"
"443","2017/09/17","PHILADELPHIA","Kansas City",4.5,20,27,"V"
"444","2017/09/24","PHILADELPHIA","NEW YORK GIANTS",-6,27,24,"H"
"445","2017/10/01","PHILADELPHIA","LA Chargers",2,26,24,"V"
"446","2017/10/08","PHILADELPHIA","ARIZONA",-6.5,34,7,"H"
"447","2017/10/12","PHILADELPHIA","Carolina",3,28,23,"V"
"448","2017/10/23","PHILADELPHIA","WASHINGTON",-5,34,24,"H"
"449","2017/10/29","PHILADELPHIA","SAN FRANCISCO",-12.5,33,10,"H"
"450","2017/11/05","PHILADELPHIA","DENVER",-7.5,51,23,"H"
"451","2017/11/12","PHILADELPHIA","  BYE WEEK",NA,NA,NA,NA
"452","2017/11/19","PHILADELPHIA","Dallas",-6,37,9,"V"
"453","2017/11/26","PHILADELPHIA","CHICAGO",-13.5,31,3,"H"
"454","2017/12/03","PHILADELPHIA","Seattle",-4,10,24,"V"
"455","2017/12/10","PHILADELPHIA","LA Rams",1,43,35,"V"
"456","2017/12/17","PHILADELPHIA","New York Giants",-7.5,34,29,"V"
"457","2017/12/25","PHILADELPHIA","OAKLAND",-9.5,19,10,"H"
"458","2017/12/31","PHILADELPHIA","DALLAS",3.5,0,6,"H"
"459","2018/01/13","PHILADELPHIA","ATLANTA",2.5,15,10,"H"
"460","2018/01/21","PHILADELPHIA","MINNESOTA",3,38,7,"H"
"461","2018/02/04","PHILADELPHIA","New England",4.5,41,33,"N"
"462","2017/09/10","PITTSBURGH","Cleveland",-9.5,21,18,"V"
"463","2017/09/17","PITTSBURGH","MINNESOTA",-8.5,26,9,"H"
"464","2017/09/24","PITTSBURGH","Chicago",-7.5,17,23,"V"
"465","2017/10/01","PITTSBURGH","Baltimore",-3.5,26,9,"V"
"466","2017/10/08","PITTSBURGH","JACKSONVILLE",-7.5,9,30,"H"
"467","2017/10/15","PITTSBURGH","Kansas City",3.5,19,13,"V"
"468","2017/10/22","PITTSBURGH","CINCINNATI",-4,29,14,"H"
"469","2017/10/29","PITTSBURGH","Detroit",-3,20,15,"V"
"470","2017/11/05","PITTSBURGH","  BYE WEEK",NA,NA,NA,NA
"471","2017/11/12","PITTSBURGH","Indianapolis",-10.5,20,17,"V"
"472","2017/11/16","PITTSBURGH","TENNESSEE",-7,40,17,"H"
"473","2017/11/26","PITTSBURGH","GREEN BAY",-14,31,28,"H"
"474","2017/12/04","PITTSBURGH","Cincinnati",-4.5,23,20,"V"
"475","2017/12/10","PITTSBURGH","BALTIMORE",-5.5,39,38,"H"
"476","2017/12/17","PITTSBURGH","NEW ENGLAND",2.5,24,27,"H"
"477","2017/12/25","PITTSBURGH","Houston",-9.5,34,6,"V"
"478","2017/12/31","PITTSBURGH","CLEVELAND",-5.5,28,24,"H"
"479","2018/01/14","PITTSBURGH","JACKSONVILLE",-7.5,42,45,"H"
"480","2017/09/10","SAN FRANCISCO","CAROLINA",5,3,23,"H"
"481","2017/09/17","SAN FRANCISCO","Seattle",13.5,9,12,"V"
"482","2017/09/21","SAN FRANCISCO","LA RAMS",2.5,39,41,"H"
"483","2017/10/01","SAN FRANCISCO","Arizona",6.5,15,18,"V"
"484","2017/10/08","SAN FRANCISCO","Indianapolis",1.5,23,26,"V"
"485","2017/10/15","SAN FRANCISCO","Washington",11,24,26,"V"
"486","2017/10/22","SAN FRANCISCO","DALLAS",6.5,10,40,"H"
"487","2017/10/29","SAN FRANCISCO","Philadelphia",12.5,10,33,"V"
"488","2017/11/05","SAN FRANCISCO","ARIZONA",2.5,10,20,"H"
"489","2017/11/12","SAN FRANCISCO","NEW YORK GIANTS",3,31,21,"H"
"490","2017/11/19","SAN FRANCISCO","  BYE WEEK",NA,NA,NA,NA
"491","2017/11/26","SAN FRANCISCO","SEATTLE",6.5,13,24,"H"
"492","2017/12/03","SAN FRANCISCO","Chicago",3,15,14,"V"
"493","2017/12/10","SAN FRANCISCO","Houston",2,26,16,"V"
"494","2017/12/17","SAN FRANCISCO","TENNESSEE",-2,25,23,"H"
"495","2017/12/24","SAN FRANCISCO","JACKSONVILLE",4,44,33,"H"
"496","2017/12/31","SAN FRANCISCO","LA Rams",-5,34,13,"V"
"497","2017/09/10","SEATTLE","Green Bay",3,9,17,"V"
"498","2017/09/17","SEATTLE","SAN FRANCISCO",-13.5,12,9,"H"
"499","2017/09/24","SEATTLE","Tennessee",2.5,27,33,"V"
"500","2017/10/01","SEATTLE","INDIANAPOLIS",-12.5,46,18,"H"
"501","2017/10/08","SEATTLE","LA Rams",2,16,10,"V"
"502","2017/10/15","SEATTLE","  BYE WEEK",NA,NA,NA,NA
"503","2017/10/22","SEATTLE","New York Giants",-4,24,7,"V"
"504","2017/10/29","SEATTLE","HOUSTON",-6.5,41,38,"H"
"505","2017/11/05","SEATTLE","WASHINGTON",-7.5,14,17,"H"
"506","2017/11/09","SEATTLE","Arizona",-6,22,16,"V"
"507","2017/11/20","SEATTLE","ATLANTA",-1.5,31,34,"H"
"508","2017/11/26","SEATTLE","San Francisco",-6.5,24,13,"V"
"509","2017/12/03","SEATTLE","PHILADELPHIA",4,24,10,"H"
"510","2017/12/10","SEATTLE","Jacksonville",2.5,24,30,"V"
"511","2017/12/17","SEATTLE","LA RAMS",-1,7,42,"H"
"512","2017/12/24","SEATTLE","Dallas",4.5,21,12,"V"
"513","2017/12/31","SEATTLE","ARIZONA",-8.5,24,26,"H"
"514","2017/09/10","TAMPA BAY","Miami",NA,NA,NA,"V"
"515","2017/09/17","TAMPA BAY","CHICAGO",-7,29,7,"H"
"516","2017/09/24","TAMPA BAY","Minnesota",-2,17,34,"V"
"517","2017/10/01","TAMPA BAY","NEW YORK GIANTS",-2.5,25,23,"H"
"518","2017/10/05","TAMPA BAY","NEW ENGLAND",4.5,14,19,"H"
"519","2017/10/15","TAMPA BAY","Arizona",-2.5,33,38,"V"
"520","2017/10/22","TAMPA BAY","Buffalo",3,27,30,"V"
"521","2017/10/29","TAMPA BAY","CAROLINA",-1.5,3,17,"H"
"522","2017/11/05","TAMPA BAY","New Orleans",7,10,30,"V"
"523","2017/11/12","TAMPA BAY","NEW YORK JETS",-1,15,10,"H"
"524","2017/11/19","TAMPA BAY","Miami",-1,30,20,"V"
"525","2017/11/26","TAMPA BAY","Atlanta",10,20,34,"V"
"526","2017/12/03","TAMPA BAY","Green Bay",2.5,20,26,"V"
"527","2017/12/10","TAMPA BAY","DETROIT",NA,21,24,"H"
"528","2017/12/18","TAMPA BAY","ATLANTA",6.5,21,24,"H"
"529","2017/12/24","TAMPA BAY","Carolina",10,19,22,"V"
"530","2017/12/31","TAMPA BAY","NEW ORLEANS",6,31,24,"H"
"531","2017/09/10","TENNESSEE","OAKLAND",-2.5,16,26,"H"
"532","2017/09/17","TENNESSEE","Jacksonville",-1.5,37,16,"V"
"533","2017/09/24","TENNESSEE","SEATTLE",-2.5,33,27,"H"
"534","2017/10/01","TENNESSEE","Houston",-2.5,14,57,"V"
"535","2017/10/08","TENNESSEE","Miami",1,10,16,"V"
"536","2017/10/16","TENNESSEE","INDIANAPOLIS",-7.5,36,22,"H"
"537","2017/10/22","TENNESSEE","Cleveland",-5.5,12,9,"V"
"538","2017/10/29","TENNESSEE","  BYE WEEK",NA,NA,NA,NA
"539","2017/11/05","TENNESSEE","BALTIMORE",-3.5,23,20,"H"
"540","2017/11/12","TENNESSEE","CINCINNATI",-4.5,24,20,"H"
"541","2017/11/16","TENNESSEE","Pittsburgh",7,17,40,"V"
"542","2017/11/26","TENNESSEE","Indianapolis",-3.5,20,16,"V"
"543","2017/12/03","TENNESSEE","HOUSTON",-7,24,13,"H"
"544","2017/12/10","TENNESSEE","Arizona",-2.5,7,12,"V"
"545","2017/12/17","TENNESSEE","San Francisco",2,23,25,"V"
"546","2017/12/24","TENNESSEE","LA RAMS",6,23,27,"H"
"547","2017/12/31","TENNESSEE","JACKSONVILLE",-2.5,15,10,"H"
"548","2018/01/06","TENNESSEE","Kansas City",8.5,22,21,"V"
"549","2018/01/13","TENNESSEE","New England",13.5,14,35,"V"
"550","2017/09/10","WASHINGTON","PHILADELPHIA",1,17,30,"H"
"551","2017/09/17","WASHINGTON","LA Rams",3,27,20,"V"
"552","2017/09/24","WASHINGTON","OAKLAND",3.5,27,10,"H"
"553","2017/10/02","WASHINGTON","Kansas City",7,20,29,"V"
"554","2017/10/09","WASHINGTON","  BYE WEEK",NA,NA,NA,NA
"555","2017/10/15","WASHINGTON","SAN FRANCISCO",-11,26,24,"H"
"556","2017/10/23","WASHINGTON","Philadelphia",5,24,34,"V"
"557","2017/10/29","WASHINGTON","DALLAS",2.5,19,33,"H"
"558","2017/11/05","WASHINGTON","Seattle",7.5,17,14,"V"
"559","2017/11/12","WASHINGTON","MINNESOTA",1.5,30,38,"H"
"560","2017/11/19","WASHINGTON","New Orleans",9,31,34,"V"
"561","2017/11/23","WASHINGTON","NEW YORK GIANTS",-7.5,20,10,"H"
"562","2017/11/30","WASHINGTON","Dallas",-1.5,14,38,"V"
"563","2017/12/10","WASHINGTON","LA Chargers",6,13,30,"V"
"564","2017/12/17","WASHINGTON","ARIZONA",-4.5,20,15,"H"
"565","2017/12/24","WASHINGTON","DENVER",-3.5,27,11,"H"
"566","2017/12/31","WASHINGTON","New York Giants",-4.5,10,18,"V"
